{
  "added_tokens_decoder": {
    "48": {
      "content": "[UNK]",
      "lstrip": true,
      "normalized": false,
      "rstrip": true,
      "single_word": false,
      "special": false
    },
    "49": {
      "content": "[PAD]",
      "lstrip": true,
      "normalized": false,
      "rstrip": true,
      "single_word": false,
      "special": false
    },
    "50": {
      "content": "<s>",
      "lstrip": false,
      "normalized": true,
      "rstrip": false,
      "single_word": false,
      "special": true
    },
    "51": {
      "content": "</s>",
      "lstrip": false,
      "normalized": true,
      "rstrip": false,
      "single_word": false,
      "special": true
    }
  },
  "bos_token": "<s>",
  "clean_up_tokenization_spaces": true,
  "do_lower_case": false,
  "eos_token": "</s>",
  "model_max_length": 1000000000000000019884624838656,
  "pad_token": "[PAD]",
  "processor_class": "Wav2Vec2Processor",
  "replace_word_delimiter_char": " ",
  "target_lang": null,
  "tokenizer_class": "Wav2Vec2CTCTokenizer",
  "unk_token": "[UNK]",
  "word_delimiter_token": "|"
}
