{
  ".": 2,
  "[PAD]": 49,
  "[UNK]": 48,
  "|": 4,
  "،": 42,
  "؛": 40,
  "ء": 16,
  "آ": 1,
  "أ": 26,
  "ؤ": 39,
  "إ": 47,
  "ئ": 8,
  "ا": 25,
  "ب": 20,
  "ة": 9,
  "ت": 44,
  "ث": 33,
  "ج": 3,
  "ح": 10,
  "خ": 22,
  "د": 28,
  "ذ": 34,
  "ر": 27,
  "ز": 32,
  "س": 15,
  "ش": 41,
  "ص": 24,
  "ض": 31,
  "ط": 6,
  "ظ": 43,
  "ع": 37,
  "غ": 11,
  "ف": 5,
  "ق": 35,
  "ك": 0,
  "ل": 18,
  "م": 38,
  "ن": 14,
  "ه": 30,
  "و": 21,
  "ى": 46,
  "ي": 17,
  "ً": 19,
  "ٌ": 45,
  "ٍ": 23,
  "َ": 7,
  "ُ": 29,
  "ِ": 36,
  "ّ": 13,
  "ْ": 12
}
